occupied,azimuth,elevation,strength,current_score,proposed_score,global_hard_score,canonical_hard_score,canonical_soft_score,current_edges,proposed_edges,current_maximum,proposed_maximum
0,0,15,0.650000,0.804214,0.776242,0.824468,0.811691,0.787377,172,187,296,256.250000
0,0,15,0.850000,0.762019,0.769481,0.814814,0.804881,0.775268,207,228,381,329
0,0,15,1,0.752358,0.763273,0.809591,0.799411,0.767684,234,242,447,388.125000
0,0,15,1.150000,0.732920,0.760664,0.804978,0.794863,0.762680,243,259,513,441.125000
0,0,15,1.350000,0.700590,0.757443,0.802682,0.786050,0.757212,264,273,601,516.625000
0,30,15,0.650000,0.657783,0.675380,0.712682,0.742553,0.711353,193,200,307,250.625000
0,30,15,0.850000,0.610194,0.650167,0.706676,0.728916,0.686274,229,239,397,322.625000
0,30,15,1,0.581211,0.638484,0.691788,0.701007,0.674813,248,261,463,379.625000
0,30,15,1.150000,0.570843,0.632054,0.689187,0.705071,0.671618,262,275,532,434
0,30,15,1.350000,0.552941,0.628161,0.683913,0.703596,0.666200,281,286,622,509.250000
0,60,15,0.650000,0.349077,0.335232,0.408590,0.372280,0.345472,220,225,258,202.375000
0,60,15,0.850000,0.332260,0.310289,0.404388,0.346700,0.319895,259,259,336,264.125000
0,60,15,1,0.309896,0.301695,0.384222,0.343514,0.309776,273,279,394,307.750000
0,60,15,1.150000,0.293235,0.299755,0.374376,0.337823,0.304447,285,288,456,357.250000
0,60,15,1.350000,0.285191,0.294081,0.362067,0.315645,0.296492,293,299,536,418.500000
0,90,15,0.650000,0.250923,0.298417,0.309206,0.338726,0.308660,203,227,185,143.375000
0,90,15,0.850000,0.294573,0.343907,0.365168,0.359190,0.335792,240,252,227,188.250000
0,90,15,1,0.315800,0.358499,0.376028,0.367049,0.344908,251,267,268,221.750000
0,90,15,1.150000,0.314617,0.371797,0.387771,0.365938,0.353004,268,280,305,252.500000
0,90,15,1.350000,0.335391,0.381137,0.394495,0.380723,0.363604,284,290,353,293
0,120,15,0.650000,0.212465,0.182513,0.211802,0.205007,0.178674,218,231,198,152.375000
0,120,15,0.850000,0.208176,0.190890,0.215982,0.235839,0.197206,255,258,262,200.125000
0,120,15,1,0.228066,0.193428,0.234340,0.253798,0.203528,273,276,305,230.500000
0,120,15,1.150000,0.235076,0.198081,0.225919,0.255945,0.211835,282,287,350,264.625000
0,120,15,1.350000,0.231785,0.197426,0.224775,0.257446,0.216540,290,292,409,309.625000
0,150,15,0.650000,0.438833,0.463397,0.500238,0.516388,0.462801,210,228,277,230.625000
0,150,15,0.850000,0.383442,0.439544,0.470884,0.483793,0.439200,252,263,355,296.125000
0,150,15,1,0.376384,0.433486,0.464361,0.467840,0.434304,271,278,415,346.750000
0,150,15,1.150000,0.367769,0.429853,0.460240,0.476103,0.432731,281,286,475,396.500000
0,150,15,1.350000,0.363354,0.427263,0.452783,0.469354,0.433135,290,291,550,461.750000
0,180,15,0.650000,0.785125,0.762432,0.809668,0.807754,0.783625,173,187,299,255.500000
0,180,15,0.850000,0.739755,0.748917,0.793564,0.787037,0.766539,209,231,384,330.625000
0,180,15,1,0.731481,0.753436,0.800561,0.782329,0.764614,229,243,447,383.875000
0,180,15,1.150000,0.722701,0.754212,0.796345,0.786994,0.762789,243,253,513,440.750000
0,180,15,1.350000,0.695018,0.753922,0.798698,0.774247,0.758751,260,271,602,515.875000
0,210,15,0.650000,0.667405,0.658005,0.693942,0.738838,0.707869,195,205,299,251.500000
0,210,15,0.850000,0.607756,0.636518,0.666454,0.717022,0.686943,228,239,392,328.250000
0,210,15,1,0.578516,0.624796,0.657430,0.713642,0.675312,252,258,459,382.875000
0,210,15,1.150000,0.554526,0.617346,0.651928,0.695223,0.668387,264,272,526,436.875000
0,210,15,1.350000,0.554361,0.612323,0.648486,0.690870,0.663144,276,284,613,512.500000
0,240,15,0.650000,0.334331,0.335881,0.395236,0.330277,0.333493,217,235,258,207
0,240,15,0.850000,0.305734,0.315827,0.382530,0.331807,0.311894,260,262,337,264.250000
0,240,15,1,0.282355,0.306237,0.354967,0.321764,0.299759,276,277,396,311.500000
0,240,15,1.150000,0.278936,0.301719,0.350759,0.309338,0.296801,284,286,453,357.375000
0,240,15,1.350000,0.276600,0.295622,0.341735,0.303017,0.289497,290,299,534,419.625000
0,270,15,0.650000,0.261993,0.309719,0.308598,0.344177,0.308107,200,225,180,147.375000
0,270,15,0.850000,0.303157,0.344623,0.362995,0.386797,0.344761,238,251,228,188.875000
0,270,15,1,0.319956,0.363141,0.375309,0.387402,0.363449,250,271,265,220
0,270,15,1.150000,0.339483,0.375399,0.401539,0.400726,0.373634,271,280,307,255.125000
0,270,15,1.350000,0.349415,0.386275,0.407579,0.411367,0.383936,282,289,354,294
0,300,15,0.650000,0.210913,0.160223,0.192190,0.218210,0.162993,216,226,203,151.125000
0,300,15,0.850000,0.212350,0.178067,0.208375,0.220555,0.186854,256,259,264,199.125000
0,300,15,1,0.219232,0.182011,0.220842,0.219362,0.193597,272,275,308,230.250000
0,300,15,1.150000,0.205624,0.186884,0.208778,0.238768,0.202519,279,286,356,266.625000
0,300,15,1.350000,0.214593,0.189339,0.209330,0.237590,0.205581,291,293,413,311.250000
0,330,15,0.650000,0.437956,0.470023,0.494979,0.514981,0.469996,207,227,270,231.875000
0,330,15,0.850000,0.380481,0.448530,0.459980,0.498194,0.454627,254,264,349,299.625000
0,330,15,1,0.386197,0.440921,0.457958,0.502669,0.449689,273,276,404,349.375000
0,330,15,1.150000,0.382246,0.439102,0.458325,0.489853,0.447309,282,282,462,396.750000
0,330,15,1.350000,0.373307,0.432267,0.455715,0.470837,0.443244,289,293,541,460.875000
0,0,25,0.650000,0.715041,0.724632,0.764505,0.777571,0.744481,201,205,332,283.250000
0,0,25,0.850000,0.692979,0.709968,0.744205,0.763004,0.729725,227,245,426,365.375000
0,0,25,1,0.656768,0.706706,0.739866,0.756031,0.726099,252,262,498,425
0,0,25,1.150000,0.650428,0.700929,0.740109,0.755992,0.720423,267,274,571,489.250000
0,0,25,1.350000,0.640518,0.703610,0.737395,0.754861,0.721752,274,279,666,568
0,30,25,0.650000,0.620678,0.632771,0.689115,0.692200,0.658130,211,219,336,272.250000
0,30,25,0.850000,0.597661,0.614809,0.671800,0.672849,0.643247,237,255,436,356.500000
0,30,25,1,0.579464,0.613478,0.668451,0.671289,0.643383,259,273,509,417.750000
0,30,25,1.150000,0.556576,0.610674,0.662277,0.670070,0.641425,274,280,585,480.625000
0,30,25,1.350000,0.545867,0.609566,0.664215,0.661567,0.642419,285,291,686,562.875000
0,60,25,0.650000,0.309096,0.323083,0.354931,0.372580,0.347918,234,244,298,223
0,60,25,0.850000,0.276393,0.302405,0.333169,0.343202,0.321989,267,273,388,289.875000
0,60,25,1,0.280390,0.301774,0.339999,0.338620,0.313473,279,283,454,339
0,60,25,1.150000,0.272066,0.298845,0.335628,0.335863,0.308894,285,293,521,389.125000
0,60,25,1.350000,0.276577,0.297629,0.335295,0.333567,0.303413,294,297,609,455.250000
0,90,25,0.650000,0.225092,0.244839,0.244519,0.266033,0.242623,210,229,194,159
0,90,25,0.850000,0.232976,0.280249,0.279045,0.304359,0.289054,242,256,250,206.875000
0,90,25,1,0.264161,0.299401,0.319265,0.333604,0.307214,257,268,289,239.625000
0,90,25,1.150000,0.273063,0.313488,0.325503,0.342775,0.317870,271,281,337,278.250000
0,90,25,1.350000,0.288440,0.324468,0.340916,0.351446,0.323750,281,290,394,326.500000
0,120,25,0.650000,0.192189,0.174020,0.215115,0.219727,0.169507,228,235,235,171.250000
0,120,25,0.850000,0.188488,0.173994,0.201816,0.240806,0.176354,262,266,297,215.125000
0,120,25,1,0.213351,0.183661,0.230307,0.248007,0.188695,275,278,347,249.500000
0,120,25,1.150000,0.233785,0.193139,0.247425,0.246189,0.196926,284,290,395,282.500000
0,120,25,1.350000,0.222641,0.202198,0.237232,0.253939,0.206564,292,295,453,325.625000
0,150,25,0.650000,0.417475,0.441812,0.475413,0.483247,0.446091,236,249,298,255.500000
0,150,25,0.850000,0.380170,0.436714,0.463025,0.478318,0.440758,268,269,385,327
0,150,25,1,0.371653,0.432661,0.457589,0.469282,0.438277,273,279,447,378.375000
0,150,25,1.150000,0.365036,0.432797,0.460605,0.483268,0.443017,279,283,512,435.250000
0,150,25,1.350000,0.349118,0.431601,0.457263,0.468706,0.440893,288,291,596,505.375000
0,180,25,0.650000,0.715311,0.698445,0.728554,0.766541,0.733354,199,212,332,283
0,180,25,0.850000,0.701600,0.688911,0.723025,0.752215,0.724555,232,247,433,365.375000
0,180,25,1,0.669786,0.687019,0.721776,0.751984,0.724080,252,261,502,426.250000
0,180,25,1.150000,0.638641,0.685143,0.716355,0.754155,0.721833,265,270,574,487.125000
0,180,25,1.350000,0.620882,0.685381,0.711048,0.760645,0.721313,278,279,670,569.125000
0,210,25,0.650000,0.607342,0.634193,0.665091,0.699836,0.657734,212,222,337,276.375000
0,210,25,0.850000,0.580821,0.613473,0.645548,0.685592,0.642850,241,253,437,358.875000
0,210,25,1,0.558430,0.606934,0.642581,0.681969,0.638133,260,271,514,422.125000
0,210,25,1.150000,0.550860,0.604346,0.643200,0.678674,0.637870,272,282,586,481.625000
0,210,25,1.350000,0.534071,0.602536,0.638891,0.670480,0.636441,285,293,690,566.875000
0,240,25,0.650000,0.316731,0.323134,0.360624,0.349687,0.334702,235,244,302,224.500000
0,240,25,0.850000,0.278789,0.301773,0.351508,0.322091,0.311470,270,275,390,290.625000
0,240,25,1,0.258627,0.295501,0.340054,0.315926,0.303127,284,285,461,342.875000
0,240,25,1.150000,0.260089,0.294037,0.339636,0.314075,0.298967,285,293,529,393.375000
0,240,25,1.350000,0.251514,0.295206,0.336901,0.318414,0.296682,293,298,618,459.875000
0,270,25,0.650000,0.236162,0.255306,0.259659,0.287460,0.249349,207,227,188,156.750000
0,270,25,0.850000,0.272529,0.289898,0.309414,0.332699,0.284523,242,258,243,202.375000
0,270,25,1,0.293531,0.308526,0.333360,0.344526,0.306116,256,268,285,238.125000
0,270,25,1.150000,0.296918,0.317045,0.334457,0.346188,0.317583,269,277,324,270.875000
0,270,25,1.350000,0.313067,0.332735,0.347628,0.366506,0.332496,277,287,382,318.250000
0,300,25,0.650000,0.198994,0.150445,0.199838,0.187896,0.146218,234,241,229,167.125000
0,300,25,0.850000,0.208712,0.171909,0.208842,0.196904,0.166577,262,268,292,211.375000
0,300,25,1,0.219252,0.181621,0.213342,0.215577,0.176488,278,278,339,243.375000
0,300,25,1.150000,0.226761,0.188096,0.216878,0.217796,0.182818,283,287,387,276.250000
0,300,25,1.350000,0.238856,0.197865,0.242098,0.230437,0.192430,289,293,450,322.250000
0,330,25,0.650000,0.408919,0.456506,0.480705,0.502335,0.453041,235,250,297,252.125000
0,330,25,0.850000,0.357782,0.447415,0.464523,0.498138,0.452436,268,270,382,326.500000
0,330,25,1,0.355576,0.444154,0.464408,0.492635,0.450072,277,276,443,381
0,330,25,1.150000,0.355748,0.440810,0.465052,0.482235,0.446682,282,283,506,433.875000
0,330,25,1.350000,0.350476,0.442712,0.461583,0.479150,0.449042,286,289,593,507.125000
0,0,35,0.650000,0.660871,0.662729,0.702991,0.719057,0.686376,208,219,345,293.375000
0,0,35,0.850000,0.615841,0.652101,0.693354,0.708362,0.672873,243,258,442,377.500000
0,0,35,1,0.576568,0.648831,0.682684,0.704176,0.668919,268,275,516,443.500000
0,0,35,1.150000,0.579468,0.649946,0.689892,0.703689,0.669756,279,281,592,506.500000
0,0,35,1.350000,0.573385,0.652925,0.685181,0.711457,0.672712,284,287,688,592.625000
0,30,35,0.650000,0.580492,0.595115,0.647997,0.650161,0.623132,217,227,341,283.500000
0,30,35,0.850000,0.561262,0.590873,0.641934,0.637021,0.617397,245,257,441,367.250000
0,30,35,1,0.569964,0.591293,0.657523,0.635792,0.616603,265,272,517,430.750000
0,30,35,1.150000,0.548913,0.588130,0.655210,0.631094,0.613282,274,282,595,494.375000
0,30,35,1.350000,0.541846,0.589941,0.661844,0.633922,0.616067,288,292,699,580.250000
0,60,35,0.650000,0.284432,0.308007,0.341285,0.363411,0.329200,234,247,305,227.500000
0,60,35,0.850000,0.252906,0.292052,0.315763,0.338409,0.309768,266,273,397,296.375000
0,60,35,1,0.257463,0.290605,0.321870,0.334891,0.308083,277,284,464,345.875000
0,60,35,1.150000,0.256026,0.290984,0.320939,0.343428,0.304344,282,292,536,400.375000
0,60,35,1.350000,0.257469,0.292860,0.327019,0.341120,0.303949,292,294,626,467.250000
0,90,35,0.650000,0.228782,0.179261,0.213820,0.243261,0.185726,209,223,196,149.875000
0,90,35,0.850000,0.194960,0.217383,0.232140,0.257230,0.217540,235,253,244,192.875000
0,90,35,1,0.208236,0.233255,0.226851,0.275578,0.232818,250,264,283,225.625000
0,90,35,1.150000,0.237613,0.242265,0.247891,0.276277,0.240873,262,271,318,261.750000
0,90,35,1.350000,0.239704,0.249098,0.249633,0.280095,0.252543,273,283,373,305.500000
0,120,35,0.650000,0.169742,0.136872,0.174248,0.176417,0.123875,225,230,238,178
0,120,35,0.850000,0.156415,0.140593,0.181995,0.149844,0.129373,260,269,302,224.500000
0,120,35,1,0.169566,0.145771,0.190400,0.159508,0.138662,273,278,349,257.125000
0,120,35,1.150000,0.191617,0.151889,0.197387,0.170584,0.147027,279,283,399,294
0,120,35,1.350000,0.206514,0.160748,0.218385,0.185255,0.158098,288,289,461,337.875000
0,150,35,0.650000,0.370069,0.424840,0.440985,0.442728,0.422166,239,250,292,249
0,150,35,0.850000,0.363399,0.419836,0.442345,0.441345,0.416636,264,270,374,319
0,150,35,1,0.378736,0.419721,0.453875,0.440720,0.418067,273,276,437,372.625000
0,150,35,1.150000,0.360394,0.414638,0.436897,0.440801,0.414846,279,285,501,426.125000
0,150,35,1.350000,0.367338,0.415755,0.447438,0.440182,0.415812,288,291,583,499.250000
0,180,35,0.650000,0.668037,0.657694,0.695251,0.716524,0.683779,211,227,343,293.875000
0,180,35,0.850000,0.630006,0.650064,0.687732,0.709556,0.675313,246,256,443,377.375000
0,180,35,1,0.603019,0.642561,0.678617,0.693360,0.666159,263,274,512,442
0,180,35,1.150000,0.590593,0.646704,0.685880,0.692902,0.670473,276,276,587,506.875000
0,180,35,1.350000,0.585684,0.647571,0.689264,0.695130,0.671039,279,283,686,593.375000
0,210,35,0.650000,0.557012,0.594919,0.620982,0.650551,0.621942,221,229,343,285.500000
0,210,35,0.850000,0.557106,0.590795,0.627393,0.648778,0.616027,247,258,448,372.375000
0,210,35,1,0.534902,0.584262,0.620297,0.636786,0.607906,264,276,524,435.875000
0,210,35,1.150000,0.523479,0.582217,0.625263,0.628604,0.607569,277,286,602,500.125000
0,210,35,1.350000,0.512775,0.584973,0.624093,0.641889,0.610084,290,293,703,584.250000
0,240,35,0.650000,0.279567,0.303316,0.337677,0.356715,0.320550,236,250,307,228.875000
0,240,35,0.850000,0.256649,0.287462,0.314910,0.331448,0.304675,270,279,398,297.375000
0,240,35,1,0.245447,0.287505,0.306712,0.332945,0.303479,281,286,468,348.625000
0,240,35,1.150000,0.253188,0.282418,0.313993,0.325444,0.298707,285,289,537,400.125000
0,240,35,1.350000,0.245266,0.284856,0.310547,0.323103,0.297396,289,295,627,467.625000
0,270,35,0.650000,0.250923,0.169098,0.183207,0.231576,0.186732,203,225,200,153.375000
0,270,35,0.850000,0.225261,0.213629,0.237111,0.276273,0.217139,241,252,247,191.625000
0,270,35,1,0.239010,0.230027,0.246098,0.254370,0.225572,254,262,286,225.500000
0,270,35,1.150000,0.254458,0.243674,0.257040,0.260977,0.238407,263,274,321,254.375000
0,270,35,1.350000,0.263165,0.255354,0.267881,0.268844,0.247381,277,280,371,299.125000
0,300,35,0.650000,0.166052,0.077318,0.113922,0.084349,0.068944,226,235,232,174.500000
0,300,35,0.850000,0.128087,0.098600,0.122698,0.102337,0.087194,260,267,293,217.875000
0,300,35,1,0.165016,0.114027,0.161900,0.125400,0.101852,278,278,344,250.875000
0,300,35,1.150000,0.160458,0.126869,0.168833,0.152629,0.114850,281,285,391,285.375000
0,300,35,1.350000,0.166879,0.135656,0.181708,0.155429,0.129447,290,291,454,329.625000
0,330,35,0.650000,0.375967,0.441678,0.463873,0.473394,0.436100,239,244,297,248.875000
0,330,35,0.850000,0.346877,0.428964,0.451272,0.470060,0.424487,268,269,379,321.250000
0,330,35,1,0.340116,0.427774,0.446928,0.474615,0.424507,274,278,439,373.375000
0,330,35,1.150000,0.351195,0.429654,0.450921,0.477982,0.428878,282,285,501,425.750000
0,330,35,1.350000,0.349508,0.429180,0.449029,0.478382,0.427226,286,291,584,497.875000
0,0,45,0.650000,0.612634,0.615955,0.658318,0.667457,0.631555,209,225,327,278.875000
0,0,45,0.850000,0.553461,0.604474,0.645231,0.649824,0.616395,246,260,415,356.875000
0,0,45,1,0.539776,0.610460,0.650530,0.659852,0.622366,265,274,487,420.750000
0,0,45,1.150000,0.535659,0.607543,0.651161,0.661383,0.620585,275,284,555,479.375000
0,0,45,1.350000,0.537370,0.611100,0.653462,0.659010,0.623813,287,291,647,560.125000
0,30,45,0.650000,0.539003,0.557379,0.616158,0.633234,0.585735,215,231,326,271
0,30,45,0.850000,0.508779,0.553602,0.611831,0.617973,0.576404,248,252,421,351
0,30,45,1,0.493504,0.547506,0.600119,0.600173,0.569422,261,274,492,409.500000
0,30,45,1.150000,0.472352,0.544413,0.595332,0.593845,0.566118,274,285,565,470.625000
0,30,45,1.350000,0.455463,0.547144,0.591735,0.594719,0.568425,288,293,661,551
0,60,45,0.650000,0.269926,0.294695,0.313769,0.337709,0.313777,220,238,276,212.625000
0,60,45,0.850000,0.255578,0.282134,0.306795,0.317584,0.304162,260,264,360,267.500000
0,60,45,1,0.238062,0.273698,0.300251,0.311781,0.296161,270,276,421,312.875000
0,60,45,1.150000,0.230427,0.271106,0.299381,0.319843,0.295451,276,285,485,360
0,60,45,1.350000,0.235879,0.271383,0.307720,0.317804,0.292529,286,292,564,419
0,90,45,0.650000,0.250923,0.157811,0.206251,0.214267,0.159233,203,223,200,152.750000
0,90,45,0.850000,0.215026,0.176155,0.214979,0.223852,0.174365,228,244,249,193.875000
0,90,45,1,0.233107,0.179934,0.208885,0.225427,0.179679,250,260,289,220.125000
0,90,45,1.150000,0.230528,0.183553,0.215104,0.219434,0.185766,260,270,327,251.375000
0,90,45,1.350000,0.223630,0.191956,0.219837,0.213904,0.193774,270,279,380,285.625000
0,120,45,0.650000,0.221402,0.148444,0.180985,0.157362,0.133426,211,226,236,181
0,120,45,0.850000,0.163399,0.136573,0.184567,0.152615,0.131391,249,255,294,224.625000
0,120,45,1,0.144348,0.129109,0.154469,0.156285,0.126338,262,276,341,259.125000
0,120,45,1.150000,0.146602,0.123529,0.165406,0.143127,0.123942,277,281,391,296
0,120,45,1.350000,0.143523,0.120511,0.159320,0.151691,0.120033,285,286,450,340
0,150,45,0.650000,0.394141,0.400504,0.436923,0.416997,0.391067,229,238,267,226.875000
0,150,45,0.850000,0.342196,0.391381,0.419899,0.424045,0.388689,253,264,345,292.500000
0,150,45,1,0.334699,0.387086,0.409829,0.407863,0.383584,273,278,401,339.125000
0,150,45,1.150000,0.325866,0.386336,0.404156,0.413122,0.382678,281,284,455,387.250000
0,150,45,1.350000,0.337664,0.384063,0.406516,0.411185,0.380757,286,290,532,452.500000
0,180,45,0.650000,0.601686,0.613629,0.646062,0.685923,0.638436,211,228,322,274.375000
0,180,45,0.850000,0.563790,0.602827,0.638022,0.667888,0.624909,249,261,416,355.125000
0,180,45,1,0.557495,0.603324,0.641475,0.660147,0.623718,259,273,482,414.250000
0,180,45,1.150000,0.553090,0.605721,0.644196,0.659034,0.623540,275,280,552,474.250000
0,180,45,1.350000,0.549984,0.609255,0.647960,0.655302,0.624856,285,285,648,554.250000
0,210,45,0.650000,0.518920,0.562713,0.588858,0.604319,0.575566,220,233,328,272.375000
0,210,45,0.850000,0.485751,0.548775,0.579269,0.607611,0.567767,249,257,424,352.125000
0,210,45,1,0.487551,0.545548,0.579367,0.599926,0.565788,261,276,497,412.625000
0,210,45,1.150000,0.458182,0.541381,0.572202,0.595020,0.560518,281,289,567,470.750000
0,210,45,1.350000,0.438761,0.543995,0.567941,0.596166,0.563254,292,293,662,550.750000
0,240,45,0.650000,0.260091,0.290952,0.314532,0.354935,0.308043,227,240,280,209.125000
0,240,45,0.850000,0.243486,0.277341,0.307154,0.354760,0.299363,262,267,362,268.875000
0,240,45,1,0.258262,0.271414,0.305204,0.340958,0.292959,273,278,423,314.250000
0,240,45,1.150000,0.265163,0.267062,0.302089,0.342298,0.289405,284,289,482,358.250000
0,240,45,1.350000,0.262485,0.265610,0.305815,0.332487,0.288459,292,293,566,420.375000
0,270,45,0.650000,0.247232,0.119430,0.157411,0.225142,0.154160,204,223,206,159
0,270,45,0.850000,0.206957,0.153573,0.179125,0.254510,0.170788,234,250,254,197.125000
0,270,45,1,0.210477,0.166624,0.192522,0.257370,0.182209,254,263,294,226.250000
0,270,45,1.150000,0.215768,0.171240,0.188948,0.256701,0.186746,260,267,333,258.500000
0,270,45,1.350000,0.218467,0.179585,0.183919,0.248490,0.190109,269,281,387,297.375000
0,300,45,0.650000,0.202952,0.057351,0.096022,0.105858,0.063509,216,223,229,176.500000
0,300,45,0.850000,0.072590,0.019896,0.063226,0.063769,0.022639,253,262,290,220.625000
0,300,45,1,0,0,0,0,0,271,274,336,256.625000
0,300,45,1.150000,0.054253,0.022062,0.045808,0.045128,0.019861,279,283,379,287.375000
0,300,45,1.350000,0.064778,0.030926,0.061136,0.060200,0.028583,283,285,443,334.250000
0,330,45,0.650000,0.369357,0.415490,0.446943,0.443195,0.401010,230,237,273,228
0,330,45,0.850000,0.332547,0.397664,0.423402,0.423817,0.385010,258,263,353,293
0,330,45,1,0.325834,0.398732,0.423533,0.434006,0.388342,269,275,410,343.250000
0,330,45,1.150000,0.318272,0.394247,0.420654,0.436810,0.388187,282,285,465,390.750000
0,330,45,1.350000,0.305116,0.392796,0.411249,0.437180,0.388944,287,293,541,456.625000
0,0,60,0.650000,0.458281,0.480825,0.510892,0.533395,0.504103,201,222,269,221.500000
0,0,60,0.850000,0.401970,0.469264,0.486266,0.526393,0.492527,242,251,344,282.750000
0,0,60,1,0.398684,0.466347,0.485713,0.522779,0.490880,254,264,399,329
0,0,60,1.150000,0.392351,0.468812,0.493570,0.525329,0.492147,266,271,458,378
0,0,60,1.350000,0.387561,0.473320,0.501264,0.525496,0.493704,276,284,532,440.750000
0,30,60,0.650000,0.473085,0.476690,0.525639,0.506099,0.463141,199,223,266,215.625000
0,30,60,0.850000,0.448954,0.462438,0.509152,0.489294,0.453594,237,248,343,276.750000
0,30,60,1,0.416529,0.459125,0.501801,0.484625,0.453280,257,265,396,319.125000
0,30,60,1.150000,0.409594,0.454665,0.491956,0.486614,0.450954,271,278,451,364.750000
0,30,60,1.350000,0.387270,0.453513,0.485359,0.482813,0.452362,281,288,529,428.375000
0,60,60,0.650000,0.291229,0.298333,0.332651,0.363103,0.312295,195,211,221,193.625000
0,60,60,0.850000,0.259727,0.273518,0.316323,0.332968,0.285916,228,240,280,245.875000
0,60,60,1,0.257901,0.269217,0.321691,0.314616,0.278133,248,261,325,280.875000
0,60,60,1.150000,0.240088,0.261461,0.304001,0.319741,0.272270,266,273,370,318.750000
0,60,60,1.350000,0.237199,0.255135,0.290025,0.301264,0.267487,274,281,434,370.250000
0,90,60,0.650000,0.313653,0.201934,0.235345,0.259333,0.198034,186,210,201,157.500000
0,90,60,0.850000,0.238065,0.178923,0.218833,0.223948,0.176564,223,235,250,196.500000
0,90,60,1,0.245866,0.176212,0.217826,0.209056,0.172501,243,251,289,225.750000
0,90,60,1.150000,0.240236,0.173222,0.214253,0.219684,0.168878,250,259,324,254
0,90,60,1.350000,0.232969,0.171740,0.207065,0.203810,0.170066,260,268,372,293.375000
0,120,60,0.650000,0.302583,0.191338,0.246659,0.240935,0.189996,189,207,214,172.750000
0,120,60,0.850000,0.222412,0.171685,0.225784,0.236960,0.161170,223,238,271,216
0,120,60,1,0.219143,0.161358,0.227783,0.211816,0.146117,245,255,312,248.250000
0,120,60,1.150000,0.199775,0.161174,0.207573,0.203412,0.142916,266,270,357,283.250000
0,120,60,1.350000,0.200784,0.158125,0.210805,0.190270,0.141781,274,278,411,325.375000
0,150,60,0.650000,0.355442,0.369329,0.403949,0.377465,0.355003,197,217,229,197.125000
0,150,60,0.850000,0.308748,0.339323,0.369467,0.347465,0.322120,243,255,288,248
0,150,60,1,0.302700,0.332945,0.364400,0.339536,0.316986,253,273,336,289.750000
0,150,60,1.150000,0.306726,0.334215,0.373031,0.334762,0.315237,269,280,386,325.500000
0,150,60,1.350000,0.298204,0.330117,0.367257,0.328737,0.312344,284,291,447,378.625000
0,180,60,0.650000,0.440605,0.488694,0.526665,0.540879,0.496588,208,221,265,220.500000
0,180,60,0.850000,0.392531,0.473877,0.497865,0.520298,0.484177,242,251,340,278.125000
0,180,60,1,0.395739,0.474706,0.499976,0.523991,0.483024,261,265,393,322.375000
0,180,60,1.150000,0.382506,0.474056,0.493875,0.527298,0.484608,270,278,455,371.250000
0,180,60,1.350000,0.406700,0.477683,0.503497,0.522472,0.486616,278,286,528,431.125000
0,210,60,0.650000,0.465763,0.477724,0.521942,0.488622,0.448027,203,222,262,215.750000
0,210,60,0.850000,0.405676,0.461952,0.498770,0.470832,0.436702,243,257,336,273
0,210,60,1,0.387793,0.462614,0.494604,0.483087,0.441632,261,267,386,315.125000
0,210,60,1.150000,0.404619,0.461090,0.499176,0.479170,0.442416,270,277,441,356.500000
0,210,60,1.350000,0.384346,0.454056,0.490409,0.486598,0.439121,285,296,517,418.250000
0,240,60,0.650000,0.323518,0.308654,0.359195,0.343657,0.313919,199,213,221,195.125000
0,240,60,0.850000,0.255097,0.278462,0.318523,0.320190,0.284828,236,251,281,250.750000
0,240,60,1,0.256719,0.268359,0.322294,0.313195,0.276656,254,267,327,287.250000
0,240,60,1.150000,0.265077,0.264444,0.325714,0.305114,0.273983,268,277,378,324.875000
0,240,60,1.350000,0.264763,0.266673,0.326949,0.297938,0.276120,277,283,440,374.125000
0,270,60,0.650000,0.298893,0.158894,0.207822,0.230287,0.188503,190,209,207,162.375000
0,270,60,0.850000,0.226151,0.143308,0.211731,0.238050,0.196678,223,239,258,205.125000
0,270,60,1,0.234650,0.137471,0.199649,0.234670,0.193234,244,259,293,234.500000
0,270,60,1.150000,0.226093,0.137801,0.186852,0.233003,0.195844,258,265,332,261.125000
0,270,60,1.350000,0.227634,0.132319,0.182972,0.246602,0.188141,270,275,385,304.875000
0,300,60,0.650000,0.276753,0.180613,0.237557,0.232780,0.168720,196,206,211,169.750000
0,300,60,0.850000,0.186531,0.150779,0.201865,0.208154,0.138822,231,243,269,214.625000
0,300,60,1,0.152236,0.135030,0.178049,0.211496,0.127070,250,256,314,249
0,300,60,1.150000,0.158132,0.130073,0.182653,0.205936,0.120719,260,269,351,279.125000
0,300,60,1.350000,0.155978,0.120335,0.177907,0.195467,0.117579,274,281,411,325.375000
0,330,60,0.650000,0.341653,0.367498,0.397417,0.390915,0.371549,199,215,231,194.250000
0,330,60,0.850000,0.301848,0.334427,0.366229,0.374422,0.339761,241,258,300,246.375000
0,330,60,1,0.271225,0.328569,0.363706,0.361806,0.334773,263,271,345,284.250000
0,330,60,1.150000,0.269224,0.328404,0.357450,0.358500,0.335488,273,280,388,320.875000
0,330,60,1.350000,0.266808,0.325102,0.351065,0.354916,0.331391,282,291,454,374.125000
0,0,75,0.650000,0.382669,0.364635,0.417031,0.370799,0.355763,182,198,209,182.625000
0,0,75,0.850000,0.305633,0.332356,0.382909,0.346662,0.327020,225,230,259,229.625000
0,0,75,1,0.306350,0.321752,0.380271,0.337188,0.317221,240,245,299,264
0,0,75,1.150000,0.295055,0.317536,0.374643,0.325727,0.314126,249,255,337,299.500000
0,0,75,1.350000,0.300051,0.313207,0.376021,0.337137,0.309965,258,263,390,346.250000
0,30,75,0.650000,0.356445,0.359555,0.413352,0.369497,0.355763,176,192,208,182.625000
0,30,75,0.850000,0.309263,0.321571,0.371932,0.338372,0.313500,216,230,259,229
0,30,75,1,0.296587,0.311085,0.359174,0.326851,0.303727,232,244,299,263.875000
0,30,75,1.150000,0.281090,0.303409,0.345767,0.319019,0.295866,245,257,339,299.625000
0,30,75,1.350000,0.268147,0.303708,0.350530,0.325234,0.296350,262,267,390,345.625000
0,60,75,0.650000,0.357934,0.294219,0.347493,0.313796,0.294698,174,189,202,170.125000
0,60,75,0.850000,0.278677,0.254190,0.311874,0.280694,0.254713,209,221,252,214.375000
0,60,75,1,0.273994,0.244053,0.302906,0.267992,0.242735,222,241,286,246.875000
0,60,75,1.150000,0.246314,0.231391,0.290091,0.263868,0.231116,245,259,321,277.125000
0,60,75,1.350000,0.227506,0.225856,0.279131,0.257937,0.221710,263,270,374,321.250000
0,90,75,0.650000,0.365742,0.279559,0.328063,0.282977,0.268188,181,200,199,155.875000
0,90,75,0.850000,0.310355,0.252904,0.293023,0.264311,0.240952,207,223,246,192.500000
0,90,75,1,0.285247,0.238599,0.277556,0.242309,0.232296,222,239,277,220.875000
0,90,75,1.150000,0.287192,0.225784,0.274833,0.229205,0.222053,240,248,312,246.625000
0,90,75,1.350000,0.279397,0.222526,0.265867,0.219379,0.214892,254,262,354,282.875000
0,120,75,0.650000,0.387454,0.269579,0.314937,0.289996,0.274743,166,188,205,164.250000
0,120,75,0.850000,0.268468,0.226184,0.293097,0.237698,0.235403,204,225,249,206
0,120,75,1,0.235441,0.215565,0.277709,0.220972,0.219786,225,245,286,235.250000
0,120,75,1.150000,0.224791,0.205245,0.253395,0.206290,0.208184,245,257,320,264.875000
0,120,75,1.350000,0.232123,0.194391,0.257403,0.205143,0.202253,264,271,367,308
0,150,75,0.650000,0.367947,0.325068,0.383906,0.332452,0.314820,185,196,208,175.125000
0,150,75,0.850000,0.325712,0.305352,0.373106,0.322720,0.279966,209,226,253,223.500000
0,150,75,1,0.294390,0.296104,0.347065,0.326584,0.271747,227,243,290,252.625000
0,150,75,1.150000,0.304405,0.284913,0.340682,0.329496,0.262320,245,261,328,289.875000
0,150,75,1.350000,0.280387,0.274722,0.319956,0.293343,0.253340,265,274,374,331.125000
0,180,75,0.650000,0.395608,0.371912,0.435779,0.365655,0.361360,186,199,206,181.625000
0,180,75,0.850000,0.359158,0.350423,0.425744,0.339322,0.334930,217,225,255,229.125000
0,180,75,1,0.355329,0.340080,0.412186,0.317218,0.317876,238,249,297,263.250000
0,180,75,1.150000,0.349851,0.334062,0.398306,0.316772,0.314370,247,257,332,297.375000
0,180,75,1.350000,0.319901,0.330991,0.396072,0.309408,0.308543,264,268,386,341.625000
0,210,75,0.650000,0.388901,0.363109,0.432773,0.380597,0.363220,176,194,205,183.625000
0,210,75,0.850000,0.329547,0.323999,0.379564,0.342498,0.317925,218,230,256,232.250000
0,210,75,1,0.313873,0.315958,0.386738,0.323602,0.307307,235,248,289,263.375000
0,210,75,1.150000,0.297881,0.312816,0.370329,0.324998,0.304584,248,257,326,299.250000
0,210,75,1.350000,0.281442,0.312586,0.362176,0.322785,0.299981,266,270,381,349.500000
0,240,75,0.650000,0.357934,0.288212,0.335191,0.350375,0.306898,174,194,201,176.625000
0,240,75,0.850000,0.244067,0.263090,0.296856,0.311340,0.274068,211,228,253,219.250000
0,240,75,1,0.256332,0.253631,0.279282,0.304770,0.263626,236,247,288,251.875000
0,240,75,1.150000,0.248166,0.246837,0.289977,0.280518,0.254559,249,262,326,284.375000
0,240,75,1.350000,0.240990,0.236965,0.269690,0.262419,0.247662,266,276,377,329.375000
0,270,75,0.650000,0.375059,0.284877,0.365714,0.293050,0.276124,181,200,200,158.500000
0,270,75,0.850000,0.330347,0.258590,0.332002,0.264765,0.252062,208,227,248,197.750000
0,270,75,1,0.339418,0.240705,0.322497,0.244566,0.239124,225,242,283,226.625000
0,270,75,1.150000,0.325348,0.234145,0.312235,0.234706,0.230088,242,256,320,255.875000
0,270,75,1.350000,0.298214,0.219691,0.291936,0.224791,0.223865,261,268,365,292.125000
0,300,75,0.650000,0.376384,0.261752,0.290982,0.294152,0.271313,169,193,207,164.750000
0,300,75,0.850000,0.254613,0.236212,0.254552,0.275939,0.250180,202,225,253,202.750000
0,300,75,1,0.219277,0.218264,0.253977,0.265181,0.228242,224,245,295,232.625000
0,300,75,1.150000,0.226307,0.208131,0.252066,0.252833,0.219757,246,259,327,262.875000
0,300,75,1.350000,0.221318,0.200795,0.235895,0.251000,0.212572,264,273,377,304.750000
0,330,75,0.650000,0.328413,0.314965,0.335706,0.359290,0.320662,182,197,211,176.625000
0,330,75,0.850000,0.269510,0.277815,0.301272,0.328655,0.279373,215,227,263,221.250000
0,330,75,1,0.244437,0.270252,0.287776,0.328982,0.270764,231,242,301,251.125000
0,330,75,1.150000,0.246851,0.260161,0.289445,0.315842,0.262597,242,257,336,287.375000
0,330,75,1.350000,0.232008,0.258941,0.285106,0.318075,0.257786,262,272,386,329
1,0,15,0.650000,0.523985,0.492032,0.533979,0.539662,0.486047,129,157,308,255.125000
1,0,15,0.850000,0.500264,0.505071,0.536901,0.549426,0.503037,168,176,388,327.625000
1,0,15,1,0.517745,0.511538,0.552184,0.563925,0.509694,178,184,449,383.250000
1,0,15,1.150000,0.506919,0.515487,0.546341,0.568816,0.514530,184,188,508,435.500000
1,0,15,1.350000,0.509578,0.524219,0.553163,0.572257,0.523967,188,192,584,510.375000
1,30,15,0.650000,0.524378,0.479768,0.524502,0.504161,0.451126,141,155,333,242.375000
1,30,15,0.850000,0.517370,0.474122,0.516360,0.497270,0.458382,164,185,426,314.750000
1,30,15,1,0.507007,0.484361,0.521671,0.494395,0.469411,183,190,491,366
1,30,15,1.150000,0.492049,0.482933,0.518685,0.485652,0.474013,194,198,560,419.375000
1,30,15,1.350000,0.490206,0.485119,0.524653,0.508955,0.479347,201,204,653,493
1,60,15,0.650000,0.476015,0.401095,0.433828,0.421012,0.405926,142,148,289,247.125000
1,60,15,0.850000,0.417415,0.390461,0.411256,0.415258,0.399738,159,170,365,312.125000
1,60,15,1,0.400263,0.384057,0.396383,0.422068,0.394403,174,183,427,357.875000
1,60,15,1.150000,0.395957,0.382159,0.397101,0.421528,0.395399,184,191,486,406
1,60,15,1.350000,0.385522,0.377623,0.388923,0.424531,0.392738,191,200,567,472.750000
1,90,15,0.650000,0.583026,0.490441,0.506510,0.545628,0.516287,113,114,226,218.625000
1,90,15,0.850000,0.527675,0.441771,0.460690,0.477456,0.458477,128,143,286,271.875000
1,90,15,1,0.468635,0.429623,0.438554,0.462781,0.445034,144,150,328,310.125000
1,90,15,1.150000,0.431734,0.421648,0.452073,0.458438,0.435537,154,158,372,351.250000
1,90,15,1.350000,0.398524,0.397795,0.417942,0.435277,0.408057,163,179,432,403.750000
1,120,15,0.650000,0.520295,0.425027,0.447620,0.477077,0.447769,130,142,268,222.750000
1,120,15,0.850000,0.442804,0.387771,0.401754,0.453736,0.412775,151,161,330,281.500000
1,120,15,1,0.376384,0.374951,0.380042,0.435147,0.394096,169,174,377,321.625000
1,120,15,1.150000,0.321033,0.369300,0.389278,0.422145,0.389279,184,184,424,362.375000
1,120,15,1.350000,0.295203,0.355669,0.369267,0.400055,0.370207,191,202,485,418.875000
1,150,15,0.650000,0.472325,0.386909,0.411331,0.447568,0.403768,143,157,306,236.500000
1,150,15,0.850000,0.354244,0.376134,0.412357,0.422829,0.390795,175,181,379,305.875000
1,150,15,1,0.349081,0.365049,0.393867,0.421975,0.382232,188,195,444,358.750000
1,150,15,1.150000,0.349838,0.358233,0.400801,0.411289,0.377989,196,204,505,408.375000
1,150,15,1.350000,0.351747,0.358703,0.394280,0.418820,0.378114,204,207,588,477.625000
1,180,15,0.650000,0.533693,0.476513,0.528981,0.518645,0.492572,130,150,295,250.625000
1,180,15,0.850000,0.522052,0.489977,0.522860,0.520627,0.492809,168,178,379,324.625000
1,180,15,1,0.519924,0.500975,0.532479,0.525449,0.497500,179,185,442,380.125000
1,180,15,1.150000,0.500788,0.508689,0.523108,0.528758,0.501616,185,189,507,437
1,180,15,1.350000,0.520761,0.518092,0.545248,0.544916,0.509002,190,193,591,510.375000
1,210,15,0.650000,0.505535,0.470995,0.511370,0.504606,0.485502,134,148,329,240.250000
1,210,15,0.850000,0.522662,0.481627,0.517030,0.530064,0.494573,159,176,421,313.500000
1,210,15,1,0.513288,0.483213,0.534693,0.510648,0.493190,178,189,489,367.750000
1,210,15,1.150000,0.503844,0.489771,0.528710,0.512516,0.495722,192,198,556,421.125000
1,210,15,1.350000,0.503792,0.492814,0.525534,0.521584,0.500784,199,204,644,496
1,240,15,0.650000,0.476015,0.434343,0.458867,0.460084,0.434916,142,150,287,256.375000
1,240,15,0.850000,0.421523,0.428967,0.443235,0.451339,0.427830,159,164,363,319.875000
1,240,15,1,0.420159,0.417354,0.437136,0.459756,0.421971,168,178,418,367.375000
1,240,15,1.150000,0.386116,0.416326,0.424800,0.462719,0.421462,182,185,475,414.125000
1,240,15,1.350000,0.382431,0.409820,0.417228,0.441536,0.415522,191,200,550,475.750000
1,270,15,0.650000,0.583026,0.540170,0.570471,0.514062,0.516612,113,116,228,221.125000
1,270,15,0.850000,0.516605,0.478444,0.505268,0.471437,0.462512,131,143,287,275.750000
1,270,15,1,0.468635,0.447730,0.474190,0.452090,0.448469,144,152,332,317
1,270,15,1.150000,0.435424,0.428340,0.476637,0.437368,0.437717,153,163,371,354.125000
1,270,15,1.350000,0.378272,0.407870,0.446312,0.421515,0.420428,170,181,433,411.750000
1,300,15,0.650000,0.520295,0.436675,0.433044,0.466597,0.426920,130,143,270,230.250000
1,300,15,0.850000,0.424354,0.408123,0.428038,0.429856,0.401215,156,162,332,284.750000
1,300,15,1,0.391144,0.395898,0.429126,0.399702,0.393629,165,170,381,326.875000
1,300,15,1.150000,0.335793,0.387126,0.396669,0.395593,0.382367,180,181,424,367.125000
1,300,15,1.350000,0.305885,0.374824,0.385507,0.386039,0.371431,190,198,491,422.375000
1,330,15,0.650000,0.472325,0.409592,0.426521,0.487476,0.420526,143,153,306,242.375000
1,330,15,0.850000,0.397200,0.409568,0.432361,0.479179,0.425232,170,181,380,314.125000
1,330,15,1,0.386361,0.404485,0.439140,0.459610,0.423473,189,190,434,365.250000
1,330,15,1.150000,0.383274,0.398576,0.433470,0.449162,0.419271,196,199,495,416.250000
1,330,15,1.350000,0.378652,0.393653,0.428165,0.449203,0.420311,205,207,577,484
1,0,25,0.650000,0.481195,0.430761,0.471368,0.503632,0.440532,156,164,337,280.500000
1,0,25,0.850000,0.486920,0.452479,0.483487,0.526690,0.460282,179,188,426,363.625000
1,0,25,1,0.497976,0.462927,0.493362,0.536681,0.471828,186,201,489,420.125000
1,0,25,1.150000,0.507398,0.469674,0.486942,0.541369,0.480276,202,206,564,486.500000
1,0,25,1.350000,0.500568,0.470869,0.481673,0.536954,0.484103,211,213,651,564.125000
1,30,25,0.650000,0.495008,0.449228,0.504424,0.476386,0.424649,163,169,364,262.125000
1,30,25,0.850000,0.485800,0.444208,0.493979,0.499733,0.432325,181,192,467,340.125000
1,30,25,1,0.446234,0.442904,0.474607,0.496701,0.434771,198,208,538,394.875000
1,30,25,1.150000,0.469094,0.444307,0.481908,0.493491,0.439054,209,213,618,455.500000
1,30,25,1.350000,0.486060,0.449141,0.498852,0.495164,0.445626,216,219,718,532.375000
1,60,25,0.650000,0.387454,0.368666,0.403139,0.410619,0.377988,166,169,308,260.375000
1,60,25,0.850000,0.372220,0.355605,0.376422,0.397577,0.370874,179,187,394,324.500000
1,60,25,1,0.379452,0.360768,0.379747,0.385962,0.366342,190,204,453,374.250000
1,60,25,1.150000,0.372605,0.358487,0.374772,0.388339,0.366407,207,213,515,424.875000
1,60,25,1.350000,0.390356,0.354181,0.393194,0.373693,0.364348,220,223,597,490.250000
1,90,25,0.650000,0.505535,0.426794,0.451249,0.478401,0.436973,134,145,235,231.250000
1,90,25,0.850000,0.413284,0.406291,0.427743,0.437492,0.406071,159,177,292,286.125000
1,90,25,1,0.373305,0.401237,0.423987,0.429456,0.404922,181,185,337,326.375000
1,90,25,1.150000,0.356258,0.396397,0.405165,0.424214,0.389817,185,196,379,367.750000
1,90,25,1.350000,0.374802,0.394627,0.409025,0.428596,0.388702,196,202,442,423.750000
1,120,25,0.650000,0.420664,0.391574,0.420983,0.444458,0.410575,157,165,291,234.875000
1,120,25,0.850000,0.335793,0.362652,0.381141,0.411902,0.375278,180,192,356,292.625000
1,120,25,1,0.293022,0.354921,0.363790,0.406233,0.368496,198,199,409,336.500000
1,120,25,1.150000,0.264699,0.344745,0.351120,0.399622,0.356392,210,212,459,384.500000
1,120,25,1.350000,0.253455,0.338074,0.330418,0.397097,0.348321,220,222,527,436.125000
1,150,25,0.650000,0.402214,0.347676,0.361363,0.409448,0.365746,162,167,321,258
1,150,25,0.850000,0.321033,0.344839,0.364522,0.408325,0.355921,184,195,407,332.875000
1,150,25,1,0.316505,0.344424,0.369574,0.391978,0.355842,198,210,473,387.875000
1,150,25,1.150000,0.328719,0.340351,0.382590,0.389963,0.351892,217,223,538,444.250000
1,150,25,1.350000,0.326850,0.339863,0.389265,0.384405,0.349919,229,228,631,518.125000
1,180,25,0.650000,0.484263,0.424876,0.468009,0.534601,0.464580,153,166,328,279.875000
1,180,25,0.850000,0.494282,0.448656,0.486863,0.516026,0.474084,182,189,424,356.125000
1,180,25,1,0.489191,0.458944,0.503236,0.519728,0.481287,191,203,492,418.125000
1,180,25,1.150000,0.496607,0.464697,0.505506,0.516862,0.484987,205,207,564,479.750000
1,180,25,1.350000,0.506153,0.475227,0.511506,0.521359,0.489991,209,211,660,558.500000
1,210,25,0.650000,0.464095,0.435498,0.472494,0.458579,0.424831,152,162,360,259.375000
1,210,25,0.850000,0.488400,0.441265,0.488240,0.471073,0.432721,174,188,460,335.625000
1,210,25,1,0.478169,0.441142,0.483126,0.461863,0.429975,197,211,535,393.750000
1,210,25,1.150000,0.484922,0.438559,0.482420,0.471908,0.437406,215,217,607,451.375000
1,210,25,1.350000,0.479622,0.443073,0.478719,0.470330,0.442119,222,222,706,526.625000
1,240,25,0.650000,0.405904,0.390456,0.394967,0.430926,0.402951,161,166,305,266.500000
1,240,25,0.850000,0.384068,0.382282,0.399842,0.450363,0.396049,182,187,387,335.375000
1,240,25,1,0.384475,0.385685,0.411215,0.437583,0.391861,192,205,445,383.375000
1,240,25,1.150000,0.391706,0.381939,0.400716,0.429624,0.386329,210,215,507,434.500000
1,240,25,1.350000,0.377115,0.384985,0.400330,0.425494,0.385149,222,222,589,500.875000
1,270,25,0.650000,0.501845,0.449445,0.458600,0.492472,0.441453,135,144,238,236
1,270,25,0.850000,0.413284,0.426974,0.427437,0.455431,0.409048,159,177,293,288.750000
1,270,25,1,0.380996,0.416713,0.435425,0.461554,0.414788,176,187,343,333.875000
1,270,25,1.150000,0.368535,0.408862,0.419635,0.449961,0.407649,189,197,386,374.250000
1,270,25,1.350000,0.368556,0.405521,0.418074,0.440590,0.406731,198,204,450,432.125000
1,300,25,0.650000,0.413284,0.411660,0.436999,0.429288,0.393748,159,161,291,238.750000
1,300,25,0.850000,0.350554,0.377771,0.391326,0.399043,0.371030,176,186,357,298.875000
1,300,25,1,0.316735,0.367675,0.390119,0.397556,0.365219,194,200,410,342.750000
1,300,25,1.150000,0.298465,0.357282,0.373275,0.392942,0.360154,207,209,459,387.375000
1,300,25,1.350000,0.294644,0.347916,0.376249,0.394925,0.355032,218,221,532,446.625000
1,330,25,0.650000,0.383764,0.381646,0.402528,0.447850,0.390543,167,173,323,262.625000
1,330,25,0.850000,0.371464,0.381565,0.392477,0.445760,0.397817,186,192,409,339.625000
1,330,25,1,0.369446,0.377554,0.388657,0.434709,0.394086,200,209,478,397.375000
1,330,25,1.150000,0.367422,0.376019,0.398945,0.429877,0.391116,217,222,543,452.375000
1,330,25,1.350000,0.353770,0.372068,0.389185,0.427742,0.386675,226,227,634,529.625000
1,0,35,0.650000,0.449952,0.388566,0.454509,0.457131,0.400196,159,166,354,289.125000
1,0,35,0.850000,0.459592,0.406703,0.450915,0.475882,0.417855,182,189,443,374.250000
1,0,35,1,0.452681,0.410662,0.458535,0.486040,0.423910,201,201,512,437.625000
1,0,35,1.150000,0.467659,0.416603,0.457665,0.481385,0.429080,208,214,584,501.500000
1,0,35,1.350000,0.467124,0.425329,0.454602,0.496663,0.435435,215,217,681,585.375000
1,30,35,0.650000,0.484160,0.413602,0.485807,0.438010,0.389020,164,175,374,262.625000
1,30,35,0.850000,0.464585,0.415290,0.468878,0.449916,0.396568,195,199,477,338.250000
1,30,35,1,0.467071,0.413590,0.471025,0.445346,0.400266,203,213,554,395.875000
1,30,35,1.150000,0.460341,0.413312,0.470254,0.461220,0.402323,214,219,627,450.750000
1,30,35,1.350000,0.436588,0.411756,0.448910,0.459234,0.405901,222,225,734,529.625000
1,60,35,0.650000,0.405710,0.364348,0.396295,0.380761,0.361009,171,178,324,271.500000
1,60,35,0.850000,0.392554,0.358561,0.398068,0.404709,0.361287,191,198,412,341.375000
1,60,35,1,0.389541,0.350969,0.389831,0.392838,0.359402,198,205,476,391.625000
1,60,35,1.150000,0.372469,0.343885,0.384453,0.391204,0.354949,213,216,542,443.250000
1,60,35,1.350000,0.357216,0.338793,0.371402,0.380753,0.348432,221,228,629,512.125000
1,90,35,0.650000,0.435424,0.421750,0.423703,0.487739,0.418371,153,170,254,243.375000
1,90,35,0.850000,0.363148,0.410709,0.408185,0.457368,0.410256,184,192,313,302.375000
1,90,35,1,0.349831,0.404343,0.405931,0.438696,0.403594,194,202,362,349.500000
1,90,35,1.150000,0.336648,0.400137,0.404826,0.441064,0.399169,203,208,403,392.375000
1,90,35,1.350000,0.340872,0.396305,0.406078,0.429739,0.392087,210,217,465,451.500000
1,120,35,0.650000,0.376384,0.383467,0.382185,0.428037,0.386258,169,174,302,249.500000
1,120,35,0.850000,0.336293,0.363122,0.369159,0.394433,0.369874,192,195,375,308.750000
1,120,35,1,0.339008,0.356959,0.373326,0.405333,0.367335,202,205,431,354.125000
1,120,35,1.150000,0.311111,0.351837,0.364948,0.400502,0.362415,209,210,486,398.500000
1,120,35,1.350000,0.294190,0.344149,0.360369,0.397122,0.357109,215,221,560,460
1,150,35,0.650000,0.398524,0.347866,0.395378,0.411347,0.375084,163,172,335,254
1,150,35,0.850000,0.335658,0.333455,0.359185,0.394309,0.366166,191,200,416,326.500000
1,150,35,1,0.324342,0.332550,0.360921,0.387068,0.361326,203,209,476,383.250000
1,150,35,1.150000,0.325865,0.331915,0.366924,0.382868,0.356861,210,213,540,439
1,150,35,1.350000,0.330541,0.329027,0.378654,0.388656,0.354534,222,228,622,511.875000
1,180,35,0.650000,0.435965,0.391583,0.429085,0.498192,0.417787,157,168,339,287.125000
1,180,35,0.850000,0.433912,0.413123,0.436253,0.493602,0.431761,183,189,438,373
1,180,35,1,0.458208,0.420227,0.446101,0.471932,0.433217,195,197,509,433.375000
1,180,35,1.150000,0.479378,0.429963,0.479622,0.482846,0.437536,203,209,583,498
1,180,35,1.350000,0.485953,0.432522,0.484455,0.472788,0.439524,212,215,677,578.875000
1,210,35,0.650000,0.457424,0.407839,0.444741,0.428664,0.397375,158,174,369,260.875000
1,210,35,0.850000,0.478682,0.410952,0.450809,0.450333,0.403129,184,197,471,336.625000
1,210,35,1,0.450555,0.408995,0.445673,0.444193,0.401189,199,205,548,394.250000
1,210,35,1.150000,0.452768,0.409038,0.440429,0.434419,0.397087,210,215,627,452.625000
1,210,35,1.350000,0.442771,0.410639,0.434862,0.445468,0.401058,222,228,727,528.250000
1,240,35,0.650000,0.398612,0.379919,0.415186,0.442378,0.385075,168,175,323,272.375000
1,240,35,0.850000,0.388450,0.378103,0.406400,0.445797,0.390018,189,195,412,342
1,240,35,1,0.385909,0.368221,0.389700,0.434105,0.384913,203,210,475,392.500000
1,240,35,1.150000,0.373746,0.369117,0.398954,0.417475,0.381498,214,218,542,445.125000
1,240,35,1.350000,0.371408,0.360810,0.395113,0.403975,0.376162,221,228,631,515.375000
1,270,35,0.650000,0.424354,0.414987,0.446560,0.479033,0.434259,156,171,259,250.250000
1,270,35,0.850000,0.378655,0.404054,0.435122,0.448045,0.420456,182,192,317,308.875000
1,270,35,1,0.380885,0.400505,0.433607,0.450832,0.412584,191,201,359,350.250000
1,270,35,1.150000,0.357367,0.394235,0.419198,0.444211,0.407619,202,209,408,397.250000
1,270,35,1.350000,0.349921,0.389070,0.412868,0.440619,0.402487,210,218,468,454.875000
1,300,35,0.650000,0.397724,0.393612,0.452835,0.372861,0.359715,166,174,303,250.500000
1,300,35,0.850000,0.338007,0.382399,0.414061,0.376205,0.348311,190,194,373,308.625000
1,300,35,1,0.340265,0.373719,0.409437,0.368777,0.340970,203,204,432,355.750000
1,300,35,1.150000,0.324442,0.369639,0.403046,0.364366,0.342363,210,214,487,400.125000
1,300,35,1.350000,0.309474,0.365312,0.391741,0.356252,0.342632,219,223,558,458
1,330,35,0.650000,0.424308,0.390123,0.427680,0.416166,0.387896,161,166,334,256
1,330,35,0.850000,0.393993,0.375239,0.419859,0.413332,0.377413,193,200,415,329.250000
1,330,35,1,0.389751,0.367896,0.421058,0.401366,0.372116,204,212,479,386
1,330,35,1.150000,0.370556,0.364429,0.410544,0.401357,0.372007,214,219,542,440.250000
1,330,35,1.350000,0.357444,0.359845,0.399766,0.404447,0.367705,226,229,628,515.250000
1,0,45,0.650000,0.391144,0.347085,0.387142,0.421678,0.364358,165,174,359,271.500000
1,0,45,0.850000,0.415168,0.352566,0.400979,0.419541,0.368788,188,193,457,349.250000
1,0,45,1,0.390749,0.361899,0.402219,0.429943,0.371341,196,201,531,408.250000
1,0,45,1.150000,0.390624,0.369911,0.406240,0.446942,0.378955,206,209,606,468.125000
1,0,45,1.350000,0.401052,0.370693,0.407290,0.437792,0.375022,216,223,702,547.250000
1,30,45,0.650000,0.414558,0.369971,0.412584,0.398374,0.360362,168,174,372,266.250000
1,30,45,0.850000,0.409772,0.368776,0.422126,0.408798,0.361941,187,195,468,333
1,30,45,1,0.421482,0.374407,0.441471,0.405347,0.361741,203,207,549,386.375000
1,30,45,1.150000,0.410033,0.375957,0.450123,0.396202,0.359355,210,219,625,434.750000
1,30,45,1.350000,0.409024,0.379275,0.425932,0.395414,0.359481,220,227,725,503
1,60,45,0.650000,0.391144,0.347886,0.374849,0.397356,0.361428,165,175,318,275.500000
1,60,45,0.850000,0.335283,0.344289,0.370479,0.380942,0.356657,188,198,405,346.250000
1,60,45,1,0.323974,0.340476,0.354741,0.391560,0.356133,202,208,468,398.625000
1,60,45,1.150000,0.310546,0.331655,0.349547,0.385972,0.350843,209,219,535,452.500000
1,60,45,1.350000,0.322269,0.330163,0.364754,0.399864,0.345953,218,224,622,523.250000
1,90,45,0.650000,0.407525,0.429697,0.439986,0.467059,0.433191,173,184,288,256
1,90,45,0.850000,0.368965,0.419546,0.424314,0.458560,0.425192,191,201,356,315.375000
1,90,45,1,0.348495,0.414198,0.409307,0.470229,0.422364,199,204,408,361.625000
1,90,45,1.150000,0.354297,0.411345,0.413479,0.472296,0.419405,207,212,453,409
1,90,45,1.350000,0.360012,0.407607,0.406593,0.469012,0.418598,213,221,525,471.500000
1,120,45,0.650000,0.391912,0.384812,0.407880,0.416493,0.394766,173,177,308,260.500000
1,120,45,0.850000,0.377404,0.373443,0.405298,0.411977,0.386050,188,198,382,320.750000
1,120,45,1,0.359706,0.369169,0.404176,0.407366,0.380576,202,204,439,369
1,120,45,1.150000,0.354208,0.367035,0.392745,0.405544,0.378875,210,214,496,416.625000
1,120,45,1.350000,0.339261,0.363521,0.386770,0.399610,0.377579,216,225,572,480.125000
1,150,45,0.650000,0.398524,0.368189,0.426180,0.426368,0.377977,163,171,333,246.750000
1,150,45,0.850000,0.372574,0.357352,0.395072,0.415697,0.373045,185,195,418,308
1,150,45,1,0.347163,0.348045,0.375368,0.416448,0.368544,197,209,483,351.250000
1,150,45,1.150000,0.334346,0.345586,0.361669,0.414729,0.365955,209,219,545,397.125000
1,150,45,1.350000,0.330548,0.342055,0.349409,0.418084,0.363235,223,228,636,465
1,180,45,0.650000,0.403355,0.355616,0.389560,0.443358,0.385229,165,175,353,271.500000
1,180,45,0.850000,0.406493,0.362833,0.409895,0.464311,0.393896,188,192,450,351.750000
1,180,45,1,0.397097,0.365873,0.407480,0.478505,0.393555,194,199,525,409.250000
1,180,45,1.150000,0.417792,0.372683,0.414168,0.463878,0.394235,203,206,598,468.500000
1,180,45,1.350000,0.418485,0.378516,0.421776,0.462867,0.400726,210,214,696,549.375000
1,210,45,0.650000,0.406508,0.385378,0.411053,0.419616,0.389374,165,172,361,264.125000
1,210,45,0.850000,0.426706,0.388097,0.417390,0.434068,0.388774,182,190,464,335
1,210,45,1,0.415166,0.386016,0.413042,0.420236,0.383626,198,206,541,382.250000
1,210,45,1.150000,0.420132,0.386585,0.430514,0.412941,0.383188,208,217,617,435.625000
1,210,45,1.350000,0.434636,0.388397,0.443441,0.407701,0.383215,220,226,720,509
1,240,45,0.650000,0.387454,0.356989,0.397712,0.421268,0.381954,166,175,321,277.875000
1,240,45,0.850000,0.369931,0.347363,0.390858,0.425452,0.377044,187,199,409,350.250000
1,240,45,1,0.361123,0.347757,0.386710,0.431879,0.374423,199,206,473,402.375000
1,240,45,1.150000,0.355034,0.344381,0.380326,0.439619,0.371999,210,215,535,452.500000
1,240,45,1.350000,0.354038,0.339480,0.376363,0.410302,0.365605,215,223,626,526.625000
1,270,45,0.650000,0.424396,0.426905,0.461663,0.465373,0.440421,176,185,297,256.625000
1,270,45,0.850000,0.398292,0.422426,0.453288,0.471624,0.434418,191,195,364,319.500000
1,270,45,1,0.390994,0.417660,0.438895,0.460154,0.422876,197,205,420,364.875000
1,270,45,1.150000,0.392392,0.414050,0.448094,0.450738,0.418063,204,213,474,413.500000
1,270,45,1.350000,0.380853,0.412272,0.439889,0.453447,0.411933,213,219,541,475.125000
1,300,45,0.650000,0.374443,0.408097,0.448552,0.448888,0.399520,173,177,313,264.250000
1,300,45,0.850000,0.339153,0.394837,0.427582,0.419904,0.378801,190,195,386,324.750000
1,300,45,1,0.342432,0.387174,0.425605,0.395757,0.367936,199,206,444,373.375000
1,300,45,1.150000,0.342106,0.387625,0.419856,0.393292,0.364725,204,210,496,417.250000
1,300,45,1.350000,0.322602,0.371421,0.412816,0.379896,0.349934,214,225,573,481.750000
1,330,45,0.650000,0.402214,0.375643,0.395362,0.406242,0.360163,162,170,334,246.625000
1,330,45,0.850000,0.397294,0.375914,0.405765,0.403673,0.364513,189,197,427,307.500000
1,330,45,1,0.390703,0.370141,0.410026,0.400911,0.360108,201,211,491,354.750000
1,330,45,1.150000,0.378123,0.370377,0.402798,0.409868,0.362168,210,221,554,402.125000
1,330,45,1.350000,0.371162,0.369670,0.394244,0.408480,0.363301,224,230,640,466
1,0,60,0.650000,0.409594,0.323563,0.363531,0.370742,0.338676,160,168,342,262.750000
1,0,60,0.850000,0.334713,0.316500,0.363151,0.373134,0.334645,181,183,431,329.125000
1,0,60,1,0.335310,0.313621,0.360930,0.376171,0.334689,191,193,494,377.500000
1,0,60,1.150000,0.330070,0.313745,0.350653,0.370080,0.331896,196,204,563,427.125000
1,0,60,1.350000,0.350428,0.313186,0.362805,0.360839,0.329164,206,216,650,490.125000
1,30,60,0.650000,0.413284,0.334995,0.366702,0.391138,0.349743,159,168,334,267.125000
1,30,60,0.850000,0.347332,0.335850,0.347251,0.361910,0.348904,181,189,422,334.125000
1,30,60,1,0.341059,0.333994,0.348420,0.357633,0.348997,192,197,489,382.500000
1,30,60,1.150000,0.332440,0.333973,0.353535,0.361489,0.344999,197,206,560,435.875000
1,30,60,1.350000,0.333657,0.333981,0.351960,0.355773,0.344696,209,214,648,501.500000
1,60,60,0.650000,0.394834,0.375172,0.401227,0.438429,0.381861,164,175,319,267.625000
1,60,60,0.850000,0.363237,0.361460,0.384400,0.412204,0.368510,183,193,398,338
1,60,60,1,0.343118,0.354381,0.376711,0.409992,0.363999,198,204,458,391.125000
1,60,60,1.150000,0.348069,0.351498,0.375541,0.396087,0.359778,205,214,515,440.625000
1,60,60,1.350000,0.355335,0.350396,0.375080,0.393624,0.359352,213,220,595,510.375000
1,90,60,0.650000,0.420709,0.424018,0.437449,0.458721,0.431154,165,177,321,258.750000
1,90,60,0.850000,0.372321,0.416105,0.416585,0.440611,0.423891,188,195,403,320.625000
1,90,60,1,0.359637,0.415025,0.409125,0.431824,0.418290,195,198,462,369.375000
1,90,60,1.150000,0.355406,0.412387,0.401568,0.422729,0.413948,200,203,522,416
1,90,60,1.350000,0.348123,0.405348,0.397973,0.421046,0.407137,208,212,602,478.250000
1,120,60,0.650000,0.402214,0.409860,0.430866,0.459850,0.423869,162,175,320,262.875000
1,120,60,0.850000,0.376596,0.392660,0.396731,0.462206,0.412046,191,198,398,327.625000
1,120,60,1,0.383289,0.388083,0.395186,0.449363,0.405550,202,206,454,377.375000
1,120,60,1.150000,0.367691,0.387659,0.403487,0.448665,0.401925,208,212,513,425.875000
1,120,60,1.350000,0.365570,0.385203,0.397303,0.444847,0.395190,216,219,593,489.500000
1,150,60,0.650000,0.409594,0.381092,0.409271,0.437619,0.380105,160,172,327,258.875000
1,150,60,0.850000,0.379771,0.373999,0.406900,0.433549,0.369883,183,192,407,319.500000
1,150,60,1,0.377110,0.369059,0.403743,0.421051,0.362882,193,204,469,366.500000
1,150,60,1.150000,0.345300,0.368106,0.389355,0.416846,0.361665,203,211,532,413.250000
1,150,60,1.350000,0.336907,0.362726,0.377494,0.406446,0.357986,212,222,616,476
1,180,60,0.650000,0.405904,0.354542,0.392459,0.384593,0.352515,161,169,337,265
1,180,60,0.850000,0.352743,0.340080,0.378874,0.375843,0.333930,182,187,422,327.250000
1,180,60,1,0.349446,0.343538,0.383980,0.387925,0.335871,190,195,489,380.125000
1,180,60,1.150000,0.348081,0.344017,0.403421,0.380456,0.338172,197,204,553,427.875000
1,180,60,1.350000,0.350999,0.343008,0.398883,0.384870,0.336598,207,215,642,492.125000
1,210,60,0.650000,0.405904,0.363113,0.416992,0.418852,0.373210,161,168,328,268.625000
1,210,60,0.850000,0.404797,0.364371,0.407198,0.410880,0.365581,180,190,421,337.500000
1,210,60,1,0.403210,0.368085,0.407057,0.398269,0.366129,189,195,486,386.625000
1,210,60,1.150000,0.402549,0.363750,0.402508,0.389714,0.362081,198,205,555,436
1,210,60,1.350000,0.386170,0.363516,0.395539,0.401239,0.362918,204,210,643,503.875000
1,240,60,0.650000,0.414207,0.386397,0.416409,0.432341,0.390832,164,173,329,271
1,240,60,0.850000,0.404138,0.367268,0.413615,0.417989,0.377343,186,193,410,342
1,240,60,1,0.391520,0.367792,0.406732,0.430172,0.375906,196,203,467,391.125000
1,240,60,1.150000,0.383195,0.362849,0.393176,0.430067,0.374336,201,212,530,442.375000
1,240,60,1.350000,0.375252,0.361277,0.388692,0.427054,0.374380,212,222,610,509.625000
1,270,60,0.650000,0.411147,0.426592,0.447597,0.475878,0.451942,164,175,331,262.125000
1,270,60,0.850000,0.419192,0.422480,0.452670,0.466100,0.448596,188,194,415,322
1,270,60,1,0.418332,0.421294,0.449029,0.473100,0.443794,193,203,475,370
1,270,60,1.150000,0.417486,0.419438,0.439242,0.454586,0.440610,202,209,535,417.625000
1,270,60,1.350000,0.413599,0.418511,0.433716,0.460993,0.437456,211,216,614,479.875000
1,300,60,0.650000,0.413535,0.416690,0.439433,0.444861,0.419834,162,176,326,266.250000
1,300,60,0.850000,0.390197,0.410356,0.426204,0.453772,0.413308,187,194,403,327.500000
1,300,60,1,0.357860,0.400383,0.414994,0.448586,0.405248,201,208,463,378.375000
1,300,60,1.150000,0.370263,0.398567,0.417733,0.442885,0.402274,208,211,520,424.500000
1,300,60,1.350000,0.369259,0.390577,0.402090,0.444233,0.399378,217,222,602,492.250000
1,330,60,0.650000,0.402214,0.366160,0.388783,0.401310,0.348141,162,171,331,256.750000
1,330,60,0.850000,0.361051,0.357649,0.376586,0.386947,0.337730,187,195,411,318.625000
1,330,60,1,0.368587,0.355558,0.376521,0.379488,0.333406,195,200,476,362.875000
1,330,60,1.150000,0.343868,0.353811,0.366817,0.372092,0.334923,202,206,541,412.750000
1,330,60,1.350000,0.323247,0.347060,0.356227,0.373311,0.330600,210,221,623,472.125000
1,0,75,0.650000,0.383764,0.365427,0.394415,0.407109,0.366881,167,176,328,270
1,0,75,0.850000,0.329135,0.347761,0.367007,0.408436,0.351108,184,188,408,338.250000
1,0,75,1,0.325679,0.344410,0.359443,0.410408,0.348539,193,194,468,384.500000
1,0,75,1.150000,0.325335,0.343555,0.357802,0.407896,0.346294,199,202,526,437.250000
1,0,75,1.350000,0.338129,0.338315,0.364595,0.392635,0.340438,207,213,605,503.125000
1,30,75,0.650000,0.387454,0.368819,0.393891,0.406896,0.362581,166,177,331,269.750000
1,30,75,0.850000,0.332143,0.361039,0.384206,0.388760,0.351862,185,191,415,338.125000
1,30,75,1,0.325294,0.355994,0.372605,0.378823,0.344266,194,196,477,388.875000
1,30,75,1.150000,0.343155,0.357408,0.377802,0.372888,0.342668,199,201,536,436.625000
1,30,75,1.350000,0.341712,0.354930,0.374866,0.369299,0.339405,202,208,621,506.625000
1,60,75,0.650000,0.405904,0.394003,0.434838,0.421950,0.383586,161,175,337,266.375000
1,60,75,0.850000,0.374855,0.387441,0.425048,0.412982,0.373997,181,191,423,334.250000
1,60,75,1,0.371522,0.379088,0.409107,0.412836,0.370633,189,202,482,380.125000
1,60,75,1.150000,0.383689,0.374467,0.418735,0.409970,0.369217,197,211,546,431
1,60,75,1.350000,0.357446,0.368791,0.408412,0.393717,0.362717,212,214,628,495.500000
1,90,75,0.650000,0.405904,0.419318,0.440288,0.436926,0.408514,161,178,338,259.250000
1,90,75,0.850000,0.387800,0.412927,0.433741,0.438586,0.408502,181,188,421,322.250000
1,90,75,1,0.387883,0.411556,0.435011,0.448260,0.405287,189,195,483,369.250000
1,90,75,1.150000,0.377273,0.409903,0.428791,0.434376,0.406243,195,203,549,418.375000
1,90,75,1.350000,0.373675,0.407738,0.431397,0.427870,0.404777,203,207,633,481.125000
1,120,75,0.650000,0.391144,0.390620,0.430042,0.420238,0.400262,165,174,333,259.250000
1,120,75,0.850000,0.369330,0.390634,0.421985,0.428532,0.404638,181,191,420,318
1,120,75,1,0.358851,0.391045,0.415880,0.424689,0.401851,189,198,478,366.875000
1,120,75,1.150000,0.340776,0.386151,0.410497,0.420996,0.397201,197,208,546,413.625000
1,120,75,1.350000,0.346578,0.386354,0.406565,0.425360,0.398828,207,212,624,475.625000
1,150,75,0.650000,0.387454,0.370260,0.398384,0.438619,0.396432,166,177,331,265.875000
1,150,75,0.850000,0.330138,0.367465,0.381968,0.437559,0.398750,184,195,416,331.750000
1,150,75,1,0.345380,0.363480,0.398755,0.432325,0.396438,194,200,473,379.750000
1,150,75,1.150000,0.345996,0.361581,0.388344,0.437691,0.394639,200,202,539,429.125000
1,150,75,1.350000,0.344225,0.359149,0.383818,0.441528,0.392701,207,212,618,491.375000
1,180,75,0.650000,0.372694,0.362542,0.383209,0.426588,0.390738,170,176,332,271.625000
1,180,75,0.850000,0.348194,0.354539,0.364900,0.411993,0.383507,183,185,416,335.625000
1,180,75,1,0.340752,0.350694,0.367683,0.414985,0.381152,189,195,474,387.625000
1,180,75,1.150000,0.345211,0.348858,0.372256,0.411865,0.377593,201,202,538,433.750000
1,180,75,1.350000,0.351480,0.348132,0.381950,0.416549,0.377324,207,213,623,503.500000
1,210,75,0.650000,0.398524,0.373513,0.411723,0.425994,0.393209,163,173,338,272.375000
1,210,75,0.850000,0.347681,0.363273,0.395584,0.409598,0.384054,185,189,421,337.875000
1,210,75,1,0.357816,0.359449,0.399169,0.400828,0.381271,189,194,487,390.750000
1,210,75,1.150000,0.348746,0.355373,0.384833,0.407886,0.379342,196,199,545,436.875000
1,210,75,1.350000,0.334207,0.350889,0.378152,0.401272,0.373418,200,207,631,506
1,240,75,0.650000,0.402214,0.390781,0.413006,0.439619,0.400420,162,175,343,268.625000
1,240,75,0.850000,0.368839,0.390424,0.418266,0.431775,0.399081,179,189,427,332.625000
1,240,75,1,0.373553,0.388083,0.422757,0.431014,0.395091,189,195,490,381.875000
1,240,75,1.150000,0.365201,0.386417,0.401094,0.427238,0.395571,197,202,557,433.250000
1,240,75,1.350000,0.352138,0.381210,0.398431,0.422440,0.386705,205,212,640,496.250000
1,270,75,0.650000,0.429534,0.432148,0.465923,0.435093,0.417207,161,176,341,259.125000
1,270,75,0.850000,0.413021,0.428854,0.462206,0.440024,0.413713,182,185,427,322.625000
1,270,75,1,0.416506,0.426607,0.462893,0.449736,0.415771,189,195,491,370.375000
1,270,75,1.150000,0.420510,0.426235,0.461737,0.449484,0.416819,192,201,558,419.875000
1,270,75,1.350000,0.409484,0.427132,0.459029,0.444482,0.418721,202,203,639,480.250000
1,300,75,0.650000,0.398977,0.418064,0.458840,0.416646,0.396298,163,172,342,258
1,300,75,0.850000,0.394875,0.408918,0.462814,0.423255,0.389571,178,191,421,320.875000
1,300,75,1,0.391955,0.412170,0.460227,0.420485,0.395693,191,201,489,366.625000
1,300,75,1.150000,0.407373,0.412878,0.467621,0.431128,0.398118,196,207,552,415.375000
1,300,75,1.350000,0.405141,0.411317,0.458221,0.433888,0.396906,208,213,635,477.500000
1,330,75,0.650000,0.372694,0.375659,0.406127,0.409200,0.374116,170,175,333,265.125000
1,330,75,0.850000,0.338911,0.362452,0.391008,0.405149,0.363790,187,193,417,330
1,330,75,1,0.319614,0.357882,0.381440,0.398929,0.358229,195,196,478,380.750000
1,330,75,1.150000,0.317855,0.356683,0.379074,0.397816,0.356971,202,203,540,429
1,330,75,1.350000,0.318727,0.352075,0.375399,0.393538,0.356798,208,212,624,495.250000
